{
    "psnr": {
        "sample": [
            [
                29.05388832092285
            ],
            [
                29.08719253540039
            ],
            [
                25.32870101928711
            ],
            [
                25.18368148803711
            ],
            [
                25.116268157958984
            ],
            [
                25.051753997802734
            ],
            [
                26.931493759155273
            ],
            [
                26.985013961791992
            ],
            [
                28.520009994506836
            ],
            [
                28.492124557495117
            ]
        ],
        "mean": [
            29.05388832092285,
            29.08719253540039,
            25.32870101928711,
            25.18368148803711,
            25.116268157958984,
            25.051753997802734,
            26.931493759155273,
            26.985013961791992,
            28.520009994506836,
            28.492124557495117
        ],
        "std": [
            0.0,
            0.0,
            0.0,
            0.0,
            0.0,
            0.0,
            0.0,
            0.0,
            0.0,
            0.0
        ],
        "max": [
            29.05388832092285,
            29.08719253540039,
            25.32870101928711,
            25.18368148803711,
            25.116268157958984,
            25.051753997802734,
            26.931493759155273,
            26.985013961791992,
            28.520009994506836,
            28.492124557495117
        ],
        "min": [
            29.05388832092285,
            29.08719253540039,
            25.32870101928711,
            25.18368148803711,
            25.116268157958984,
            25.051753997802734,
            26.931493759155273,
            26.985013961791992,
            28.520009994506836,
            28.492124557495117
        ]
    },
    "ssim": {
        "sample": [
            [
                0.7093396186828613
            ],
            [
                0.7087063789367676
            ],
            [
                0.7040740251541138
            ],
            [
                0.6983353495597839
            ],
            [
                0.6715700030326843
            ],
            [
                0.6708778738975525
            ],
            [
                0.7032216787338257
            ],
            [
                0.6997945308685303
            ],
            [
                0.7405509948730469
            ],
            [
                0.7371112108230591
            ]
        ],
        "mean": [
            0.7093396186828613,
            0.7087063789367676,
            0.7040740251541138,
            0.6983353495597839,
            0.6715700030326843,
            0.6708778738975525,
            0.7032216787338257,
            0.6997945308685303,
            0.7405509948730469,
            0.7371112108230591
        ],
        "std": [
            0.0,
            0.0,
            0.0,
            0.0,
            0.0,
            0.0,
            0.0,
            0.0,
            0.0,
            0.0
        ],
        "max": [
            0.7093396186828613,
            0.7087063789367676,
            0.7040740251541138,
            0.6983353495597839,
            0.6715700030326843,
            0.6708778738975525,
            0.7032216787338257,
            0.6997945308685303,
            0.7405509948730469,
            0.7371112108230591
        ],
        "min": [
            0.7093396186828613,
            0.7087063789367676,
            0.7040740251541138,
            0.6983353495597839,
            0.6715700030326843,
            0.6708778738975525,
            0.7032216787338257,
            0.6997945308685303,
            0.7405509948730469,
            0.7371112108230591
        ]
    },
    "lpips": {
        "sample": [
            [
                0.2606898844242096
            ],
            [
                0.2560974955558777
            ],
            [
                0.21909305453300476
            ],
            [
                0.22362187504768372
            ],
            [
                0.18237051367759705
            ],
            [
                0.1787024438381195
            ],
            [
                0.23812538385391235
            ],
            [
                0.2343681901693344
            ],
            [
                0.24209177494049072
            ],
            [
                0.24530325829982758
            ]
        ],
        "mean": [
            0.2606898844242096,
            0.2560974955558777,
            0.21909305453300476,
            0.22362187504768372,
            0.18237051367759705,
            0.1787024438381195,
            0.23812538385391235,
            0.2343681901693344,
            0.24209177494049072,
            0.24530325829982758
        ],
        "std": [
            0.0,
            0.0,
            0.0,
            0.0,
            0.0,
            0.0,
            0.0,
            0.0,
            0.0,
            0.0
        ],
        "max": [
            0.2606898844242096,
            0.2560974955558777,
            0.21909305453300476,
            0.22362187504768372,
            0.18237051367759705,
            0.1787024438381195,
            0.23812538385391235,
            0.2343681901693344,
            0.24209177494049072,
            0.24530325829982758
        ],
        "min": [
            0.2606898844242096,
            0.2560974955558777,
            0.21909305453300476,
            0.22362187504768372,
            0.18237051367759705,
            0.1787024438381195,
            0.23812538385391235,
            0.2343681901693344,
            0.24209177494049072,
            0.24530325829982758
        ]
    }
}