{
    "psnr": {
        "sample": [
            [
                29.486492156982422
            ]
        ],
        "mean": [
            29.486492156982422
        ],
        "std": [
            0.0
        ],
        "max": [
            29.486492156982422
        ],
        "min": [
            29.486492156982422
        ]
    },
    "ssim": {
        "sample": [
            [
                0.7179135680198669
            ]
        ],
        "mean": [
            0.7179135680198669
        ],
        "std": [
            0.0
        ],
        "max": [
            0.7179135680198669
        ],
        "min": [
            0.7179135680198669
        ]
    },
    "lpips": {
        "sample": [
            [
                0.19506773352622986
            ]
        ],
        "mean": [
            0.19506773352622986
        ],
        "std": [
            0.0
        ],
        "max": [
            0.19506773352622986
        ],
        "min": [
            0.19506773352622986
        ]
    }
}